"Year","Yearly_Ranking","Title","Studio","Total_Gross","Number_of_Theaters","Opening_Gross","Number_of_Opening_Theaters","Open_Date","End_Date","Running.time","Genre","Rating","Open_Month","End_Month","Playing_day","Running.length","Gross_level","Ranking"
"2013","1","The Hunger Games: Catching Fire","LGF",424668047,4163,158074286,4163,"11/22","4/3",146,"Action / Adventure","PG-13","Nov",4,132,"long","4","1"
"2013","2","Iron Man 3","BV",409013994,4253,174144585,4253,"5/3","9/12",129,"Action / Adventure","PG-13","May",9,132,"long","4","1"
"2013","3","Frozen","BV",400738009,3742,243390,1,"11/22","7/17",108,"Animation","PG","Nov",7,237,"medium","4","1"
"2013","4","Despicable Me 2","Uni.",368061265,4003,83517315,3997,"7/3","1/16",98,"Animation","PG","Jul",1,197,"medium","3","1"
"2013","5","Man of Steel","WB",291045518,4207,116619362,4207,"6/14","9/19",143,"Action / Adventure","PG-13","Jun",9,97,"long","2","1"
"2013","6","Gravity","WB",274092705,3820,55785112,3575,"10/4","5/8",91,"Sci-Fi Thriller","PG-13","Oct",5,216,"medium","2","1"
"2013","7","Monsters University","BV",268492764,4004,82429469,4004,"6/21","12/19",107,"Animation","G","Jun",12,181,"medium","2","1"
"2013","8","The Hobbit: The Desolation of Smaug","WB",258366855,3928,73645197,3903,"12/13","4/17",161,"Fantasy","PG-13","Dec",4,125,"long","2","1"
"2013","9","Fast & Furious 6","Uni.",238679850,3771,97375245,3658,"5/24","9/5",130,"Action","PG-13","May",9,104,"long","2","1"
"2013","10","Oz The Great and Powerful","BV",234911825,3912,79110453,3912,"3/8","7/18",127,"Adventure","PG","Mar",7,132,"long","2","1"
"2013","11","Star Trek Into Darkness","Par.",228778661,3907,70165559,3868,"5/16","9/12",123,"Sci-Fi Adventure","PG-13","May",9,119,"long","2","2"
"2013","12","Thor: The Dark World","BV",206362140,3841,85737841,3841,"11/8","4/17",120,"Action / Adventure","PG-13","Nov",4,160,"long","2","2"
"2013","13","World War Z","Par.",202359711,3607,66411834,3607,"6/21","10/10",116,"Action Horror","PG-13","Jun",10,111,"medium","2","2"
"2013","14","The Croods","Fox",187168425,4065,43639736,4046,"3/22","9/19",98,"Animation","PG","Mar",9,181,"medium","1","2"
"2013","15","The Heat","Fox",159582188,3184,39115043,3181,"6/28","12/12",117,"Comedy","R","Jun",12,167,"medium","1","2"
"2013","16","We're the Millers","WB",150394119,3445,26419396,3260,"8/7","12/5",110,"Comedy","R","Aug",12,120,"medium","1","2"
"2013","17","American Hustle","Sony",150117807,2629,740455,6,"12/13","4/6",138,"Drama","R","Dec",4,114,"long","1","2"
"2013","18","The Great Gatsby (2013)","WB",144840419,3550,50085185,3535,"5/10","8/22",143,"Drama","PG-13","May",8,104,"long","1","2"
"2013","19","The Conjuring","WB",137400141,3115,41855326,2903,"7/19","10/31",112,"Horror","R","Jul",10,104,"medium","1","2"
"2013","20","Identity Thief","Uni.",134506920,3230,34551025,3141,"2/8","6/6",111,"Comedy","R","Feb",6,118,"medium","1","2"
"2013","21","Grown Ups 2","Sony",133668525,3491,41508572,3491,"7/12","11/17",101,"Comedy","PG-13","Jul",11,128,"medium","1","3"
"2013","22","The Wolverine","Fox",132556852,3924,53113752,3924,"7/26","12/5",126,"Action","PG-13","Jul",12,132,"long","1","3"
"2013","23","Anchorman 2: The Legend Continues","Par.",125168368,3507,26232425,3507,"12/18","2/20",119,"Comedy","PG-13","Dec",2,64,"medium","1","3"
"2013","24","Lone Survivor","Uni.",125095601,3285,90872,2,"12/25","4/10",121,"Action Drama","R","Dec",4,106,"long","1","3"
"2013","25","G.I. Joe: Retaliation","Par.",122523060,3734,40501814,3719,"3/28","7/18",99,"Action","PG-13","Mar",7,112,"medium","1","3"
"2013","26","Cloudy with a Chance of Meatballs 2","Sony",119793567,4001,34017930,4001,"9/27","3/16",95,"Animation","PG","Sep",3,170,"medium","1","3"
"2013","27","Now You See Me","LG/S",117723989,3082,29350389,2925,"5/31","9/26",116,"Thriller","PG-13","May",9,118,"medium","1","3"
"2013","28","The Wolf of Wall Street","Par.",116900694,2557,18361578,2537,"12/25","4/3",180,"Drama","R","Dec",4,99,"long","1","3"
"2013","29","Lee Daniels' The Butler","Wein.",116632095,3330,24637312,2933,"8/16","2/13",132,"Drama","PG-13","Aug",2,181,"long","1","3"
"2013","30","The Hangover Part III","WB",112200072,3565,41671198,3555,"5/23","8/15",100,"Comedy","R","May",8,84,"medium","1","3"
"2013","31","Epic","Fox",107518682,3894,33531068,3882,"5/24","9/19",102,"Animation","PG","May",9,118,"medium","1","4"
"2013","32","Captain Phillips","Sony",107100855,3143,25718314,3020,"10/11","3/2",134,"Drama","PG-13","Oct",3,142,"long","1","4"
"2013","33","Jackass Presents: Bad Grandpa","Par.",102003019,3345,32055177,3336,"10/25","1/23",93,"Comedy","R","Oct",1,90,"medium","1","4"
"2013","34","Pacific Rim","WB",101802906,3285,37285325,3275,"7/12","10/17",131,"Sci-Fi Action","PG-13","Jul",10,97,"long","1","4"
"2013","35","This is the End","Sony",101470202,3055,20719162,3055,"6/12","10/6",107,"Comedy","R","Jun",10,116,"medium","1","4"
"2013","36","Olympus Has Fallen","FD",98925640,3106,30373794,3098,"3/22","7/11",120,"Thriller","R","Mar",7,111,"long","0","4"
"2013","37","42","WB",95020213,3405,27487144,3003,"4/12","7/25",128,"Sports Drama","PG-13","Apr",7,104,"long","0","4"
"2013","38","Elysium","TriS",93050117,3284,29807393,3284,"8/9","11/24",109,"Sci-Fi","R","Aug",11,107,"medium","0","4"
"2013","39","Planes","BV",90288712,3716,22232291,3702,"8/9","12/19",92,"Animation","PG","Aug",12,132,"medium","0","4"
"2013","40","The Lone Ranger","BV",89302115,3904,29210849,3904,"7/3","10/10",149,"Western","PG-13","Jul",10,99,"long","0","4"
"2013","41","Oblivion","Uni.",89107235,3792,37054485,3783,"4/19","6/27",125,"Sci-Fi Adventure","PG-13","Apr",6,69,"long","0","5"
"2013","42","Insidious Chapter 2","FD",83586447,3155,40272103,3049,"9/13","12/19",105,"Horror","PG-13","Sep",12,97,"medium","0","5"
"2013","43","Saving Mr. Banks","BV",83301580,2671,413373,15,"12/13","4/17",120,"Drama","PG-13","Dec",4,125,"long","0","5"
"2013","44","Turbo","Fox",83028128,3809,21312625,3806,"7/17","12/12",96,"Animation","PG","Jul",12,148,"medium","0","5"
"2013","45","2 Guns","Uni.",75612460,3028,27059130,3025,"8/2","10/24",109,"Action Comedy","R","Aug",10,83,"medium","0","5"
"2013","46","White House Down","Sony",73103784,3222,24852258,3222,"6/28","9/15",137,"Action Drama","PG-13","Jun",9,79,"long","0","5"
"2013","47","Mama","Uni.",71628180,2781,28402310,2647,"1/18","4/4",100,"Horror","PG-13","Jan",4,76,"medium","0","5"
"2013","48","Safe Haven","Rela.",71349120,3223,21401594,3223,"2/14","5/30",115,"Romance","PG-13","Feb",5,105,"medium","0","5"
"2013","49","The Smurfs 2","Sony",71017784,3867,17548389,3866,"7/31","11/17",105,"Family Comedy","PG","Jul",11,109,"medium","0","5"
"2013","50","The Best Man Holiday","Uni.",70525195,2041,30107555,2024,"11/15","1/9",122,"Comedy / Drama","R","Nov",1,55,"long","0","5"
"2013","51","Percy Jackson: Sea of Monsters","Fox",68559554,3080,14401054,3031,"8/7","1/30",106,"Fantasy","PG","Aug",1,176,"medium","0","6"
"2013","52","A Good Day to Die Hard","Fox",67349198,3555,24834845,3553,"2/14","5/23",97,"Action","R","Feb",5,98,"medium","0","6"
"2013","53","Warm Bodies","LG/S",66380662,3009,20353967,3009,"2/1","5/9",97,"Drama","PG-13","Feb",5,97,"medium","0","6"
"2013","54","Jack the Giant Slayer","WB",65187603,3525,27202226,3525,"3/1","6/13",114,"Adventure","PG-13","Mar",6,104,"medium","0","6"
"2013","55","The Purge","Uni.",64473115,2591,34058360,2536,"6/7","8/8",85,"Thriller","R","Jun",8,62,"short","0","6"
"2013","56","Last Vegas","CBS",63914167,3237,16334566,3065,"11/1","2/20",90,"Comedy","PG-13","Nov",2,111,"medium","0","6"
"2013","57","Ender's Game","LG/S",61737191,3407,27017351,3407,"11/1","1/9",114,"Sci-Fi","PG-13","Nov",1,69,"medium","0","6"
"2013","58","Prisoners","WB",61002302,3290,20817053,3260,"9/20","12/5",146,"Action Thriller","R","Sep",12,76,"long","0","6"
"2013","59","After Earth","Sony",60522097,3401,27520040,3401,"5/31","8/18",100,"Sci-Fi","PG-13","May",8,79,"medium","0","6"
"2013","60","The Secret Life of Walter Mitty","Fox",58236838,2922,12765508,2909,"12/25","4/10",114,"Comedy","PG","Dec",4,106,"medium","0","6"
"2013","61","Escape From Planet Earth","Wein.",57012977,3353,15891055,3288,"2/15","7/25",89,"Animation","PG","Feb",7,160,"short","0","7"
"2013","62","12 Years a Slave","FoxS",56671993,1474,923715,19,"10/18","5/8",133,"Drama","R","Oct",5,202,"long","0","7"
"2013","63","Free Birds","Rela.",55750480,3736,15805237,3736,"11/1","3/20",90,"Animation","PG","Nov",3,139,"medium","0","7"
"2013","64","Hansel and Gretel: Witch Hunters","Par.",55703475,3375,19690956,3372,"1/25","4/25",88,"Action Comedy","R","Jan",4,90,"short","0","7"
"2013","65","Evil Dead (2013)","TriS",54239856,3025,25775847,3025,"4/5","6/9",91,"Horror","R","Apr",6,65,"medium","0","7"
"2013","66","Red 2","LG/S",53262560,3016,18048422,3016,"7/19","10/17",116,"Action Comedy","PG-13","Jul",10,90,"medium","0","7"
"2013","67","Tyler Perry's A Madea Christmas","LGF",52543354,2194,16007634,2194,"12/13","2/13",105,"Comedy","PG-13","Dec",2,62,"medium","0","7"
"2013","68","Tyler Perry's Temptation: Confessions of a Marriage Counselor","LGF",51975354,2047,21641679,2047,"3/29","5/30",111,"Drama","PG-13","Mar",5,62,"medium","0","7"
"2013","69","The Call","TriS",51872378,2507,17118745,2507,"3/15","6/9",95,"Thriller","R","Mar",6,86,"medium","0","7"
"2013","70","Pain and Gain","Par.",49875291,3303,20244505,3277,"4/26","8/29",129,"Action","R","Apr",8,125,"long","0","7"
"2013","71","Gangster Squad","WB",46000903,3103,17070347,3103,"1/11","4/4",113,"Crime Drama","R","Jan",4,83,"medium","0","8"
"2013","72","Jurassic Park 3D","Uni.",45385935,2778,18620145,2771,"4/5","5/23",127,"Sci-Fi Horror","PG-13","Apr",5,48,"long","0","8"
"2013","73","The Internship","Fox",44672764,3399,17325307,3366,"6/7","9/12",119,"Comedy","PG-13","Jun",9,97,"medium","0","8"
"2013","74","Instructions Not Included","LGF",44467206,978,7846426,348,"8/30","12/12",115,"Foreign","PG-13","Aug",12,104,"medium","0","8"
"2013","75","Snitch","LG/S",42930462,2511,13167607,2511,"2/22","5/30",112,"Action","PG-13","Feb",5,97,"medium","0","8"
"2013","76","Riddick","Uni.",42025135,3117,19030375,3107,"9/6","10/31",119,"Sci-Fi Fantasy","R","Sep",10,55,"medium","0","8"
"2013","77","A Haunted House","ORF",40041683,2160,18101682,2160,"1/11","3/3",80,"Comedy","R","Jan",3,51,"short","0","8"
"2013","78","47 Ronin","Uni.",38362475,2690,9910310,2689,"12/25","2/6",127,"Action Drama","PG-13","Dec",2,43,"long","0","8"
"2013","79","August: Osage County","Wein.",37738810,2411,179302,5,"12/27","5/8",130,"Comedy / Drama","R","Dec",5,132,"long","0","8"
"2013","80","Philomena","Wein.",37709979,1225,128435,4,"11/22","5/22",95,"Drama","PG-13","Nov",5,181,"medium","0","8"
"2013","81","The Family (2013)","Rela.",36918811,3091,14034764,3091,"9/13","1/9",112,"Action Comedy","R","Sep",1,118,"medium","0","9"
"2013","82","Walking with Dinosaurs","Fox",36076121,3243,7091938,3231,"12/20","4/10",87,"Family Adventure","PG","Dec",4,111,"short","0","9"
"2013","83","Carrie (2013)","SGem",35266619,3157,16101552,3157,"10/18","11/24",92,"Horror","R","Oct",11,37,"medium","0","9"
"2013","84","Texas Chainsaw 3D","LGF",34341945,2659,21744470,2654,"1/4","2/28",92,"Horror","R","Jan",2,55,"medium","0","9"
"2013","85","R.I.P.D.","Uni.",33618855,2852,12691415,2852,"7/19","9/26",96,"Action / Adventure","PG-13","Jul",9,69,"medium","0","9"
"2013","86","Blue Jasmine","SPC",33405481,1283,612064,6,"7/26","4/3",98,"Comedy","PG-13","Jul",4,251,"medium","0","9"
"2013","87","Kevin Hart: Let Me Explain","LG/S",32244051,892,10030463,876,"7/3","8/22",75,"Concert","R","Jul",8,50,"short","0","9"
"2013","88","Side Effects (2013)","ORF",32172757,2605,9303145,2605,"2/8","5/16",106,"Thriller","R","Feb",5,97,"medium","0","9"
"2013","89","Scary Movie 5","W/Dim.",32015787,3402,14157367,3402,"4/12","7/25",85,"Comedy","PG-13","Apr",7,104,"short","0","9"
"2013","90","The Mortal Instruments: City of Bones","SGem",31165421,3118,9336957,3118,"8/21","10/6",120,"Fantasy Drama","PG-13","Aug",10,46,"long","0","9"
"2013","91","Delivery Man","BV",30664106,3036,7944977,3036,"11/22","3/20",105,"Comedy","PG-13","Nov",3,118,"medium","0","10"
"2013","92","Grudge Match","WB",29807260,2856,7021993,2838,"12/25","3/13",113,"Sports Comedy","PG-13","Dec",3,78,"medium","0","10"
"2013","93","One Direction: This is Us","TriS",28873374,2735,15815497,2735,"8/30","10/6",92,"Concert","PG","Aug",10,37,"medium","0","10"
"2013","94","Kick-Ass 2","Uni.",28795985,2945,13332955,2940,"8/16","9/26",103,"Action Comedy","R","Aug",9,41,"medium","0","10"
"2013","95","Dallas Buyers Club","Focus",27298285,1110,260865,9,"11/1","5/1",117,"Drama","R","Nov",5,181,"medium","0","10"
"2013","96","Rush (2013)","Uni.",26947624,2308,187289,5,"9/20","11/21",123,"Action Drama","R","Sep",11,62,"long","0","10"
"2013","97","The Host (2013)","ORF",26627201,3202,10600112,3202,"3/29","5/30",125,"Sci-Fi Thriller","PG-13","Mar",5,62,"long","0","10"
"2013","98","The World's End","Focus",26004851,1553,8811790,1551,"8/23","12/5",109,"Comedy","R","Aug",12,104,"medium","0","10"
"2013","99","21 and Over","Rela.",25682380,2771,8754168,2771,"3/1","5/16",93,"Comedy","R","Mar",5,76,"medium","0","10"
"2013","100","Her (2013)","WB",25568251,1729,260382,6,"12/18","4/17",120,"Comedy / Drama","R","Dec",4,120,"long","0","10"
"2014","1","American Sniper","WB",350126372,3885,633456,4,"12/25","6/25",132,"Drama","R","Dec",6,182,"long","3","1"
"2014","2","The Hunger Games: Mockingjay - Part 1","LGF",337135885,4151,121897634,4151,"11/21","3/19",123,"Action / Adventure","PG-13","Nov",3,118,"long","3","1"
"2014","3","Guardians of the Galaxy","BV",333176600,4088,94320883,4080,"8/1","1/22",121,"Action / Adventure","PG-13","Aug",1,174,"long","3","1"
"2014","4","Captain America: The Winter Soldier","BV",259766572,3938,95023721,3938,"4/4","8/21",136,"Action / Adventure","PG-13","Apr",8,139,"long","2","1"
"2014","5","The LEGO Movie","WB",257760692,3890,69050279,3775,"2/7","9/4",100,"Animation","PG","Feb",9,209,"medium","2","1"
"2014","6","The Hobbit: The Battle of the Five Armies","WB",255119788,3875,54724334,3875,"12/17","4/2",144,"Fantasy","PG-13","Dec",4,106,"long","2","1"
"2014","7","Transformers: Age of Extinction","Par.",245439076,4233,100038390,4233,"6/27","10/9",165,"Sci-Fi Action","PG-13","Jun",10,104,"long","2","1"
"2014","8","Maleficent","BV",241410378,3948,69431298,3948,"5/30","12/4",97,"Fantasy","PG","May",12,188,"medium","2","1"
"2014","9","X-Men: Days of Future Past","Fox",233921534,4001,90823660,3996,"5/23","10/9",131,"Action / Adventure","PG-13","May",10,139,"long","2","1"
"2014","10","Big Hero 6","BV",222527828,3773,56215889,3761,"11/7","5/28",108,"Animation","PG","Nov",5,202,"medium","2","1"
"2014","11","Dawn of the Planet of the Apes","Fox",208545589,3969,72611427,3967,"7/11","12/4",130,"Sci-Fi Action","PG-13","Jul",12,146,"long","2","2"
"2014","12","The Amazing Spider-Man 2","Sony",202853933,4324,91608337,4324,"5/2","8/17",142,"Action / Adventure","PG-13","May",8,107,"long","2","2"
"2014","13","Godzilla (2014)","WB",200676069,3952,93188384,3952,"5/16","8/28",123,"Sci-Fi Action","PG-13","May",8,104,"long","2","2"
"2014","14","22 Jump Street","Sony",191719337,3426,57071445,3306,"6/13","11/26",112,"Action Comedy","R","Jun",11,166,"medium","1","2"
"2014","15","Teenage Mutant Ninja Turtles (2014)","Par.",191204754,3980,65575105,3845,"8/8","11/20",101,"Action / Adventure","PG-13","Aug",11,104,"medium","1","2"
"2014","16","Interstellar","Par.",188020017,3561,47510360,3561,"11/5","3/19",169,"Sci-Fi Adventure","PG-13","Nov",3,134,"long","1","2"
"2014","17","How to Train Your Dragon 2","Fox",177002924,4268,49451322,4253,"6/13","12/11",105,"Animation","PG","Jun",12,181,"medium","1","2"
"2014","18","Gone Girl","Fox",167767189,3284,37513109,3014,"10/3","2/26",145,"Thriller","R","Oct",2,146,"long","1","2"
"2014","19","Divergent","LG/S",150947895,3936,54607747,3936,"3/21","7/10",143,"Action / Adventure","PG-13","Mar",7,111,"long","1","2"
"2014","20","Neighbors","Uni.",150157400,3311,49033915,3279,"5/9","8/21",96,"Comedy","R","May",8,104,"medium","1","2"
"2014","21","Ride Along","Uni.",134938200,2867,41516170,2663,"1/17","4/17",100,"Comedy","PG-13","Jan",4,90,"medium","1","3"
"2014","22","Rio 2","Fox",131538435,3975,39327869,3948,"4/11","9/4",101,"Animation","G","Apr",9,146,"medium","1","3"
"2014","23","Into the Woods","BV",128002372,2833,31051923,2440,"12/25","4/16",124,"Musical","PG","Dec",4,112,"long","1","3"
"2014","24","Lucy","Uni.",126663600,3202,43899340,3173,"7/25","11/6",90,"Sci-Fi Action","R","Jul",11,104,"medium","1","3"
"2014","25","The Fault in our Stars","Fox",124872350,3340,48002523,3173,"6/6","10/9",125,"Drama","PG-13","Jun",10,125,"long","1","3"
"2014","26","Unbroken","Uni.",115637895,3301,30621445,3131,"12/25","3/12",137,"War Drama","PG-13","Dec",3,77,"long","1","3"
"2014","27","Night at the Museum: Secret of the Tomb","Fox",113746621,3914,17100520,3785,"12/19","7/9",97,"Family Adventure","PG","Dec",7,202,"medium","1","3"
"2014","28","Mr. Peabody & Sherman","Fox",111506430,3951,32207057,3934,"3/7","9/4",90,"Animation","PG","Mar",9,181,"medium","1","3"
"2014","29","300: Rise of An Empire","WB",106580051,3490,45038460,3470,"3/7","5/29",102,"Period Action","R","Mar",5,83,"medium","1","3"
"2014","30","The Maze Runner","Fox",102427862,3638,32512804,3604,"9/19","2/5",113,"Sci-Fi Thriller","PG-13","Sep",2,139,"medium","1","3"
"2014","31","The Equalizer","Sony",101530738,3236,34137828,3236,"9/26","1/11",128,"Thriller","R","Sep",1,107,"long","1","4"
"2014","32","Noah","Par.",101200044,3571,43720472,3567,"3/28","6/19",138,"Drama","PG-13","Mar",6,83,"long","1","4"
"2014","33","Edge of Tomorrow","WB",100206256,3505,28760246,3490,"6/6","9/11",113,"Sci-Fi Action","PG-13","Jun",9,97,"medium","1","4"
"2014","34","Non-Stop","Uni.",92168600,3183,28875635,3090,"2/28","5/29",110,"Thriller","PG-13","Feb",5,90,"medium","0","4"
"2014","35","Heaven is for Real","TriS",91443253,3048,22522221,2417,"4/16","8/10",100,"Drama","PG","Apr",8,116,"medium","0","4"
"2014","36","The Imitation Game","Wein.",91125683,2402,479352,4,"11/28","5/14",114,"Drama","PG-13","Nov",5,167,"medium","0","4"
"2014","37","Dumb and Dumber To","Uni.",86208010,3188,36111775,3154,"11/14","2/12",110,"Comedy","PG-13","Nov",2,90,"medium","0","4"
"2014","38","Annie (2014)","Sony",85911262,3197,15861939,3116,"12/19","3/15",118,"Musical","PG","Dec",3,86,"medium","0","4"
"2014","39","Fury (2014)","Sony",85817906,3313,23702421,3173,"10/17","1/19",134,"War","R","Oct",1,94,"long","0","4"
"2014","40","Tammy","WB",84525432,3465,21577049,3465,"7/2","10/16",96,"Comedy","R","Jul",10,106,"medium","0","4"
"2014","41","Annabelle","WB",84273813,3215,37134255,3185,"10/3","12/18",95,"Horror","R","Oct",12,76,"medium","0","5"
"2014","42","The Other Woman (2014)","Fox",83911193,3306,24763752,3205,"4/25","8/14",109,"Comedy","PG-13","Apr",8,111,"medium","0","5"
"2014","43","Penguins of Madagascar","Fox",83350911,3775,25447444,3764,"11/26","5/7",92,"Animation","PG","Nov",5,162,"medium","0","5"
"2014","44","Let's Be Cops","Fox",82390774,3140,17813722,3094,"8/13","12/11",104,"Action Comedy","R","Aug",12,120,"medium","0","5"
"2014","45","The Monuments Men","Sony",78031620,3083,22003433,3083,"2/7","5/18",110,"Action Drama","PG-13","Feb",5,100,"medium","0","5"
"2014","46","Hercules (2014)","Par.",72688614,3595,29800263,3595,"7/25","10/16",98,"Action / Adventure","PG-13","Jul",10,83,"medium","0","5"
"2014","47","The Purge: Anarchy","Uni.",71962800,2856,29816675,2805,"7/18","9/18",103,"Thriller","R","Jul",9,62,"medium","0","5"
"2014","48","Alexander and the Terrible, Horrible, No Good, Very Bad Day","BV",66954149,3117,18360230,3088,"10/10","2/26",81,"Family","PG","Oct",2,139,"short","0","5"
"2014","49","Think Like a Man Too","SGem",65182182,2225,29241911,2225,"6/20","8/17",106,"Comedy","PG-13","Jun",8,58,"medium","0","5"
"2014","50","Exodus: Gods and Kings","Fox",65014513,3503,24115934,3503,"12/12","2/26",150,"Drama","PG-13","Dec",2,76,"long","0","5"
"2014","51","The Nut Job","ORF",64251541,3472,19423000,3427,"1/17","5/8",86,"Animation","PG","Jan",5,111,"short","0","6"
"2014","52","God's Not Dead","Free",60755732,1860,9217013,780,"3/21","8/7",113,"Drama","PG","Mar",8,139,"medium","0","6"
"2014","53","Son of God","Fox",59700064,3271,25601865,3260,"2/28","6/5",138,"Drama","PG-13","Feb",6,97,"long","0","6"
"2014","54","The Grand Budapest Hotel","FoxS",59301324,1467,811166,4,"3/7","2/26",100,"Comedy","R","Mar",2,356,"medium","0","6"
"2014","55","Planes: Fire & Rescue","BV",59165787,3839,17509407,3826,"7/18","11/13",83,"Animation","PG","Jul",11,118,"short","0","6"
"2014","56","RoboCop (2014)","Sony",58607007,3372,21681430,3372,"2/12","5/18",108,"Sci-Fi Action","PG-13","Feb",5,95,"medium","0","6"
"2014","57","Dracula Untold","Uni.",56280355,2900,23514615,2885,"10/10","11/27",92,"Action Horror","PG-13","Oct",11,48,"medium","0","6"
"2014","58","Horrible Bosses 2","WB",54445357,3400,15457418,3375,"11/26","2/19",108,"Comedy","R","Nov",2,85,"medium","0","6"
"2014","59","The Hundred-Foot Journey","BV",54240821,2167,10979290,2023,"8/8","12/4",122,"Drama","PG","Aug",12,118,"long","0","6"
"2014","60","No Good Deed (2014)","SGem",52543632,2175,24250283,2175,"9/12","11/2",84,"Thriller","PG-13","Sep",11,51,"short","0","6"
"2014","61","Selma","Par.",52076908,2235,571450,19,"12/25","4/16",127,"Drama","PG-13","Dec",4,112,"long","0","7"
"2014","62","Muppets Most Wanted","BV",51183113,3194,17005126,3194,"3/21","7/17",112,"Family Comedy","PG","Mar",7,118,"medium","0","7"
"2014","63","Ouija","Uni.",50856010,2899,19875995,2858,"10/24","12/18",89,"Horror","PG-13","Oct",12,55,"short","0","7"
"2014","64","The Boxtrolls","Focus",50837305,3464,17275239,3464,"9/26","2/5",97,"Animation","PG","Sep",2,132,"medium","0","7"
"2014","65","Jack Ryan: Shadow Recruit","Par.",50577412,3387,15451981,3387,"1/17","4/3",100,"Action Thriller","PG-13","Jan",4,76,"medium","0","7"
"2014","66","If I Stay","WB",50474843,3157,15679190,2907,"8/22","11/6",106,"Drama","PG-13","Aug",11,76,"medium","0","7"
"2014","67","The Book of Life (2014)","Fox",50151543,3113,17005218,3071,"10/17","2/26",95,"Animation","PG","Oct",2,132,"medium","0","7"
"2014","68","About Last Night (2014)","SGem",48637684,2253,25649011,2253,"2/14","4/27",100,"Romantic Comedy","R","Feb",4,72,"medium","0","7"
"2014","69","Into The Storm","WB",47602194,3434,17346427,3434,"8/8","11/20",89,"Thriller","PG-13","Aug",11,104,"short","0","7"
"2014","70","The Judge","WB",47119388,3003,13116226,3003,"10/10","1/15",141,"Drama","R","Oct",1,97,"long","0","7"
"2014","71","Jersey Boys","WB",47047013,2905,13319371,2905,"6/20","9/25",134,"Musical","R","Jun",9,97,"long","0","8"
"2014","72","Blended","WB",46294610,3555,14284031,3555,"5/23","8/28",117,"Romantic Comedy","PG-13","May",8,97,"medium","0","8"
"2014","73","The Giver","Wein.",45090374,3003,12305016,3003,"8/15","12/11",91,"Fantasy Drama","PG-13","Aug",12,118,"medium","0","8"
"2014","74","St. Vincent","Wein.",44137712,2552,109878,4,"10/10","3/5",103,"Comedy","PG-13","Oct",3,146,"medium","0","8"
"2014","75","Need for Speed","BV",43577636,3115,17844939,3115,"3/14","6/19",130,"Action","PG-13","Mar",6,97,"long","0","8"
"2014","76","A Million Ways to Die in the West","Uni.",43139300,3160,16797385,3158,"5/30","7/17",116,"Western Comedy","R","May",7,48,"medium","0","8"
"2014","77","John Wick","LG/S",43037835,2589,14415922,2589,"10/24","1/22",96,"Action","R","Oct",1,90,"medium","0","8"
"2014","78","Birdman","FoxS",42340598,1213,424397,4,"10/17","4/16",119,"Comedy / Drama","R","Oct",4,181,"medium","0","8"
"2014","79","Dolphin Tale 2","WB",42024533,3656,15873397,3656,"9/12","12/18",107,"Family","PG","Sep",12,97,"medium","0","8"
"2014","80","The Expendables 3","LGF",39322544,3221,15879645,3221,"8/15","10/16",103,"Action","PG-13","Aug",10,62,"medium","0","8"
"2014","81","Earth to Echo","Rela.",38934842,3230,8364658,3230,"7/2","10/30",91,"Adventure","PG","Jul",10,120,"medium","0","9"
"2014","82","Sex Tape","Sony",38543473,3062,14608152,3062,"7/18","9/21",94,"Comedy","R","Jul",9,65,"medium","0","9"
"2014","83","Wild (2014)","FoxS",37880356,1361,606810,21,"12/3","5/7",115,"Drama","R","Dec",5,155,"medium","0","9"
"2014","84","Million Dollar Arm","BV",36457627,3019,10515659,3019,"5/16","8/21",124,"Sports Drama","PG","May",8,97,"long","0","9"
"2014","85","The Theory of Everything","Focus",35893537,1220,208763,5,"11/7","4/16",123,"Drama","PG-13","Nov",4,160,"long","0","9"
"2014","86","This is Where I Leave You","WB",34296320,2868,11558149,2868,"9/19","12/4",103,"Comedy","R","Sep",12,76,"medium","0","9"
"2014","87","The Gambler","Par.",33680992,2494,9129999,2478,"12/25","2/19",111,"Crime Drama","R","Dec",2,56,"medium","0","9"
"2014","88","Paranormal Activity: The Marked Ones","Par.",32462372,2883,18343611,2867,"1/3","2/20",84,"Horror","R","Jan",2,48,"short","0","9"
"2014","89","Nightcrawler","ORF",32381217,2766,10441000,2766,"10/31","2/5",117,"Crime Drama","R","Oct",2,97,"medium","0","9"
"2014","90","Chef","ORF",31424003,1298,204961,6,"5/9","9/11",115,"Comedy","R","May",9,125,"medium","0","9"
"2014","91","Get On Up","Uni.",30703100,2469,13585915,2468,"8/1","9/18",138,"Music Drama","PG-13","Aug",9,48,"long","0","10"
"2014","92","3 Days to Kill","Rela.",30697999,2872,12242218,2872,"2/21","5/15",117,"Action Thriller","PG-13","Feb",5,83,"medium","0","10"
"2014","93","Deliver Us From Evil","SGem",30577122,3049,9740471,3049,"7/2","8/10",118,"Horror","R","Jul",8,39,"medium","0","10"
"2014","94","When the Game Stands Tall","TriS",30127963,2766,8381509,2673,"8/22","11/2",115,"Sports Drama","PG","Aug",11,72,"medium","0","10"
"2014","95","Draft Day","LG/S",28842237,2781,9783603,2781,"4/11","6/19",110,"Sports Drama","PG-13","Apr",6,69,"medium","0","10"
"2014","96","Oculus","Rela.",27695246,2648,12005402,2648,"4/11","6/26",105,"Horror","R","Apr",6,76,"medium","0","10"
"2014","97","The Best of Me","Rela.",26766213,2936,10003827,2936,"10/17","1/15",117,"Romance","PG-13","Oct",1,90,"medium","0","10"
"2014","98","A Walk Among the Tombstones","Uni.",26307600,2714,12758780,2712,"9/19","10/23",114,"Drama","R","Sep",10,34,"medium","0","10"
"2014","99","That Awkward Moment","Focus",26068955,2809,8742109,2809,"1/31","4/3",94,"Romantic Comedy","R","Jan",4,62,"medium","0","10"
"2014","100","Boyhood","IFC",25352281,775,387618,5,"7/11","3/22",166,"Drama","R","Jul",3,254,"long","0","10"
"2015","1","Star Wars: The Force Awakens","BV",936662225,4134,247966675,4134,"12/18","6/2",136,"Sci-Fi Fantasy","PG-13","Dec",6,167,"long","9","1"
"2015","2","Jurassic World","Uni.",652270625,4291,208806270,4274,"6/12","11/19",124,"Action / Adventure","PG-13","Jun",11,160,"long","6","1"
"2015","3","Avengers: Age of Ultron","BV",459005868,4276,191271109,4276,"5/1","10/8",141,"Action / Adventure","PG-13","May",10,160,"long","4","1"
"2015","4","Inside Out","BV",356461711,4158,90440272,3946,"6/19","12/10",94,"Animation","PG","Jun",12,174,"medium","3","1"
"2015","5","Furious 7","Uni.",353007020,4022,147187040,4004,"4/3","7/24",137,"Action","PG-13","Apr",7,112,"long","3","1"
"2015","6","Minions","Uni.",336045770,4311,115718405,4301,"7/10","12/17",91,"Animation","PG","Jul",12,160,"medium","3","1"
"2015","7","The Hunger Games: Mockingjay - Part 2","LGF",281723902,4175,102665981,4175,"11/20","2/25",137,"Action / Adventure","PG-13","Nov",2,97,"long","2","1"
"2015","8","The Martian","Fox",228433663,3854,54308575,3831,"10/2","3/17",141,"Sci-Fi","PG-13","Oct",3,167,"long","2","1"
"2015","9","Cinderella (2015)","BV",201151353,3848,67877361,3845,"3/13","9/17",112,"Fantasy","PG","Mar",9,188,"medium","2","1"
"2015","10","Spectre","Sony",200074609,3929,70403148,3929,"11/6","4/7",148,"Action","PG-13","Nov",4,153,"long","2","1"
"2015","11","Mission: Impossible - Rogue Nation","Par.",195042377,3988,55520089,3956,"7/31","10/29",130,"Action","PG-13","Jul",10,90,"long","1","2"
"2015","12","Pitch Perfect 2","Uni.",184296230,3660,69216890,3473,"5/15","7/30",115,"Comedy","PG-13","May",7,76,"medium","1","2"
"2015","13","The Revenant","Fox",183637894,3711,474560,4,"12/25","5/26",151,"Action / Adventure","R","Dec",5,153,"long","1","2"
"2015","14","Ant-Man","BV",180202163,3868,57225526,3856,"7/17","12/17",117,"Action / Adventure","PG-13","Jul",12,153,"medium","1","2"
"2015","15","Home (2015)","Fox",177397510,3801,52107731,3708,"3/27","9/10",94,"Animation","PG","Mar",9,167,"medium","1","2"
"2015","16","Hotel Transylvania 2","Sony",169700110,3768,48464322,3754,"9/25","3/3",89,"Animation","PG","Sep",3,160,"short","1","2"
"2015","17","Fifty Shades of Grey","Uni.",166167230,3655,85171450,3646,"2/13","5/7",125,"Romance","R","Feb",5,83,"long","1","2"
"2015","18","The SpongeBob Movie: Sponge Out of Water","Par.",162994032,3680,55365012,3641,"2/6","5/28",93,"Animation","PG","Feb",5,111,"medium","1","2"
"2015","19","Straight Outta Compton","Uni.",161197785,3142,60200180,2757,"8/14","10/22",147,"Drama","R","Aug",10,69,"long","1","2"
"2015","20","San Andreas","WB",155190832,3812,54588173,3777,"5/29","10/15",114,"Action","PG-13","May",10,139,"medium","1","2"
"2015","21","Mad Max: Fury Road","WB",153636354,3722,45428128,3702,"5/15","9/24",120,"Sci-Fi Action","R","May",9,132,"long","1","3"
"2015","22","Daddy's Home","Par.",150357137,3483,38740203,3271,"12/25","4/7",96,"Comedy","PG-13","Dec",4,104,"medium","1","3"
"2015","23","The Divergent Series: Insurgent","LG/S",130179072,3875,52263680,3875,"3/20","7/9",119,"Action / Adventure","PG-13","Mar",7,111,"medium","1","3"
"2015","24","The Peanuts Movie","Fox",130178411,3902,44213073,3897,"11/6","3/31",93,"Animation","G","Nov",3,146,"medium","1","3"
"2015","25","Kingsman: The Secret Service","Fox",128261724,3282,36206331,3204,"2/13","7/9",129,"Action / Adventure","R","Feb",7,146,"long","1","3"
"2015","26","The Good Dinosaur","BV",123087120,3749,39155217,3749,"11/25","4/7",100,"Animation","PG","Nov",4,134,"medium","1","3"
"2015","27","Spy","Fox",110825712,3715,29085719,3711,"6/5","10/8",120,"Comedy","R","Jun",10,125,"long","1","3"
"2015","28","Trainwreck","Uni.",110212700,3171,30097040,3158,"7/17","10/15",125,"Comedy","R","Jul",10,90,"long","1","3"
"2015","29","Creed","WB",109767581,3502,29632823,3404,"11/25","3/3",133,"Drama","PG-13","Nov",3,99,"long","1","3"
"2015","30","Tomorrowland","BV",93436322,3972,33028165,3972,"5/22","9/17",130,"Sci-Fi","PG","May",9,118,"long","0","3"
"2015","31","Get Hard","WB",90411453,3212,33803253,3175,"3/27","7/9",100,"Comedy","R","Mar",7,104,"medium","0","4"
"2015","32","Terminator: Genisys","Par.",89760956,3783,27018486,3758,"7/1","9/17",126,"Action","PG-13","Jul",9,78,"long","0","4"
"2015","33","Taken 3","Fox",89256424,3594,39201657,3594,"1/9","5/14",109,"Action","PG-13","Jan",5,125,"medium","0","4"
"2015","34","Sisters","Uni.",87044645,2978,13922855,2962,"12/18","3/10",118,"Comedy","R","Dec",3,83,"medium","0","4"
"2015","35","Alvin and the Chipmunks: The Road Chip","Fox",85886987,3705,14287159,3653,"12/18","5/19",86,"Family Comedy","PG","Dec",5,153,"short","0","4"
"2015","36","Maze Runner: The Scorch Trials","Fox",81697192,3792,30316510,3791,"9/18","1/21",131,"Action / Adventure","PG-13","Sep",1,125,"long","0","4"
"2015","37","Ted 2","Uni.",81476385,3448,33507870,3442,"6/26","8/27",115,"Comedy","R","Jun",8,62,"medium","0","4"
"2015","38","Goosebumps","Sony",80080379,3618,23618556,3501,"10/16","2/18",103,"Horror Comedy","PG","Oct",2,125,"medium","0","4"
"2015","39","Pixels","Sony",78747585,3723,24011616,3723,"7/24","11/8",105,"Action Comedy","PG-13","Jul",11,107,"medium","0","4"
"2015","40","Paddington","W/Dim.",76271832,3355,18966676,3303,"1/16","6/18",95,"Family","PG","Jan",6,153,"medium","0","4"
"2015","41","The Intern","WB",75764672,3320,17728313,3305,"9/25","1/7",121,"Comedy","PG-13","Sep",1,104,"long","0","5"
"2015","42","Bridge of Spies","BV",72313754,2873,15371203,2811,"10/16","3/10",140,"Thriller","PG-13","Oct",3,146,"long","0","5"
"2015","43","Paul Blart: Mall Cop 2","Sony",71038190,3633,23762435,3633,"4/17","8/2",94,"Comedy","PG","Apr",8,107,"medium","0","5"
"2015","44","The Big Short","Par.",70259870,2529,705527,8,"12/11","4/7",130,"Drama","R","Dec",4,118,"long","0","5"
"2015","45","War Room","TriS",67790117,1945,11351389,1135,"8/28","12/13",120,"Drama","PG","Aug",12,107,"long","0","5"
"2015","46","Magic Mike XXL","WB",66013057,3376,12857184,3355,"7/1","9/24",115,"Comedy / Drama","R","Jul",9,85,"medium","0","5"
"2015","47","The Visit","Uni.",65206105,3148,25427560,3069,"9/11","11/26",94,"Horror","PG-13","Sep",11,76,"medium","0","5"
"2015","48","The Wedding Ringer","SGem",64460211,3003,20649306,3003,"1/16","4/5",101,"Comedy","R","Jan",4,79,"medium","0","5"
"2015","49","Black Mass","WB",62575678,3188,22635037,3188,"9/18","12/3",122,"Crime Drama","R","Sep",12,76,"long","0","5"
"2015","50","Vacation","WB",58884188,3430,14681108,3411,"7/29","10/29",99,"Comedy","R","Jul",10,92,"medium","0","5"
"2015","51","The Perfect Guy","SGem",57027435,2230,25888154,2221,"9/11","12/3",100,"Thriller","PG-13","Sep",12,83,"medium","0","6"
"2015","52","Joy","Fox",56451232,2924,17015168,2896,"12/25","3/17",124,"Comedy / Drama","PG-13","Dec",3,83,"long","0","6"
"2015","53","Fantastic Four","Fox",56117548,4004,25685737,3995,"8/7","10/22",100,"Action / Adventure","PG-13","Aug",10,76,"medium","0","6"
"2015","54","The Hateful Eight","Wein.",54117416,2938,4610676,100,"12/25","4/28",167,"Western","R","Dec",4,125,"long","0","6"
"2015","55","Focus (2015)","WB",53862963,3323,18685137,3323,"2/27","5/7",104,"Comedy","R","Feb",5,69,"medium","0","6"
"2015","56","Southpaw","Wein.",52421953,2772,16701294,2772,"7/24","11/5",123,"Drama","R","Jul",11,104,"long","0","6"
"2015","57","Insidious Chapter 3","Focus",52218558,3014,22692741,3002,"6/5","8/13",97,"Horror","PG-13","Jun",8,69,"medium","0","6"
"2015","58","Poltergeist (2015)","Fox",47425125,3242,22620386,3240,"5/22","8/6",93,"Horror","PG-13","May",8,76,"medium","0","6"
"2015","59","Jupiter Ascending","WB",47387723,3181,18372372,3181,"2/6","5/7",127,"Sci-Fi","PG-13","Feb",5,90,"long","0","6"
"2015","60","Sicario","LGF",46889293,2620,401288,6,"9/18","1/14",121,"Action Drama","R","Sep",1,118,"long","0","6"
"2015","61","The Man From U.N.C.L.E.","WB",45445109,3673,13421036,3638,"8/14","10/22",116,"Action","PG-13","Aug",10,69,"medium","0","7"
"2015","62","Spotlight","ORF",45055776,1227,295009,5,"11/6","5/5",128,"Drama","R","Nov",5,181,"long","0","7"
"2015","63","\"McFarland, USA\"","BV",44482410,2792,11020798,2755,"2/20","7/9",128,"Sports Drama","PG","Feb",7,139,"long","0","7"
"2015","64","The Gift (2015)","STX",43787265,2503,11854273,2503,"8/7","10/9",108,"Thriller","R","Aug",10,63,"medium","0","7"
"2015","65","Everest (2015)","Uni.",43482270,3009,7222035,545,"9/18","11/26",121,"Thriller","PG-13","Sep",11,69,"long","0","7"
"2015","66","The Night Before","Sony",43047372,2960,9880536,2960,"11/20","1/14",101,"Comedy","R","Nov",1,55,"medium","0","7"
"2015","67","Krampus","Uni.",42725475,2919,16293325,2902,"12/4","1/21",98,"Horror Comedy","PG-13","Dec",1,48,"medium","0","7"
"2015","68","Max (2015)","WB",42656255,2870,12155254,2855,"6/26","10/15",111,"Family","PG","Jun",10,111,"medium","0","7"
"2015","69","The Age of Adaline","LGF",42629776,3070,13203458,2991,"4/24","7/9",112,"Drama","PG-13","Apr",7,76,"medium","0","7"
"2015","70","Brooklyn","FoxS",38322743,962,187281,5,"11/4","5/26",111,"Drama","PG-13","Nov",5,204,"medium","0","7"
"2015","71","The Longest Ride","Fox",37446117,3371,13019686,3366,"4/10","7/9",139,"Romance","PG-13","Apr",7,90,"long","0","8"
"2015","72","The Boy Next Door","Uni.",35423380,2615,14910105,2602,"1/23","3/12",91,"Thriller","R","Jan",3,48,"medium","0","8"
"2015","73","Pan","WB",35088320,3515,15315435,3515,"10/9","1/7",111,"Fantasy","PG","Oct",1,90,"medium","0","8"
"2015","74","Hot Pursuit","WB",34580201,3037,13942258,3003,"5/8","7/30",87,"Comedy","PG-13","May",7,83,"short","0","8"
"2015","75","Concussion (2015)","Sony",34542474,2841,10513749,2841,"12/25","3/17",123,"Drama","PG-13","Dec",3,83,"long","0","8"
"2015","76","The DUFF","LGF",34030343,2622,10809149,2575,"2/20","5/14",101,"Comedy","PG-13","Feb",5,83,"medium","0","8"
"2015","77","Woman in Gold","Wein.",33307793,2011,2091551,258,"4/1","8/13",109,"Drama","PG-13","Apr",8,134,"medium","0","8"
"2015","78","The Second Best Exotic Marigold Hotel","FoxS",33078266,2022,8540370,1573,"3/6","6/25",122,"Comedy / Drama","PG","Mar",6,111,"long","0","8"
"2015","79","Unfriended","Uni.",32482090,2775,15845115,2739,"4/17","5/28",83,"Horror","R","Apr",5,41,"short","0","8"
"2015","80","Entourage","WB",32363404,3108,10283250,3108,"6/3","8/13",104,"Comedy","R","Jun",8,71,"medium","0","8"
"2015","81","Paper Towns","Fox",32000304,3031,12650140,3031,"7/24","10/15",109,"Drama","PG-13","Jul",10,83,"medium","0","9"
"2015","82","Chappie","Sony",31569268,3201,13346782,3201,"3/6","5/3",120,"Sci-Fi Action","R","Mar",5,58,"long","0","9"
"2015","83","Crimson Peak","Uni.",31090320,2991,13143310,2984,"10/16","11/26",119,"Horror","R","Oct",11,41,"medium","0","9"
"2015","84","A Walk in the Woods","BG",29504281,2158,8246267,1960,"9/2","12/20",104,"Comedy","R","Sep",12,109,"medium","0","9"
"2015","85","Point Break (2015)","WB",28782481,2910,9800252,2910,"12/25","2/25",113,"Action","PG-13","Dec",2,62,"medium","0","9"
"2015","86","Sinister 2","Focus",27740955,2799,10542116,2766,"8/21","10/29",97,"Horror","R","Aug",10,69,"medium","0","9"
"2015","87","The Last Witch Hunter","LG/S",27367660,3082,10812861,3082,"10/23","12/31",106,"Action Fantasy","PG-13","Oct",12,69,"medium","0","9"
"2015","88","No Escape","Wein.",27288872,3415,8111264,3355,"8/26","11/26",101,"Action","R","Aug",11,92,"medium","0","9"
"2015","89","Ricki and the Flash","TriS",26822144,2064,6610961,1603,"8/7","10/11",101,"Comedy / Drama","PG-13","Aug",10,65,"medium","0","9"
"2015","90","The Woman in Black 2: Angel of Death","Rela.",26501323,2602,15027415,2602,"1/2","3/19",98,"Horror","PG-13","Jan",3,76,"medium","0","9"
"2015","91","Run All Night","WB",26461644,3171,11012305,3171,"3/13","5/7",114,"Action","R","Mar",5,55,"medium","0","10"
"2015","92","Love the Coopers","LGF",26302731,2603,8317545,2603,"11/13","1/14",107,"Comedy","PG-13","Nov",1,62,"medium","0","10"
"2015","93","The Lazarus Effect","Rela.",25801047,2666,10203437,2666,"2/27","6/11",83,"Horror","PG-13","Feb",6,104,"short","0","10"
"2015","94","Ex Machina","A24",25442958,2004,237264,4,"4/10","9/3",110,"Sci-Fi Thriller","R","Apr",9,146,"medium","0","10"
"2015","95","In the Heart of the Sea","WB",25020758,3103,11053366,3103,"12/11","2/11",121,"Drama","PG-13","Dec",2,62,"long","0","10"
"2015","96","The Gallows","WB",22764410,2720,9808463,2720,"7/10","9/17",81,"Horror","R","Jul",9,69,"short","0","10"
"2015","97","Hitman: Agent 47","Fox",22467450,3273,8326530,3261,"8/21","10/15",96,"Action / Adventure","R","Aug",10,55,"medium","0","10"
"2015","98","Project Almanac","Par.",22348241,2900,8310252,2893,"1/30","3/26",106,"Sci-Fi","PG-13","Jan",3,55,"medium","0","10"
"2015","99","Black or White","Rela.",21571189,1823,6213362,1823,"1/30","5/14",121,"Drama","PG-13","Jan",5,104,"long","0","10"
"2015","100","Aloha","Sony",21067116,2815,9670235,2815,"5/29","7/30",105,"Comedy / Drama","PG-13","May",7,62,"medium","0","10"
"2016","1","Rogue One: A Star Wars Story","BV",532177324,4157,155081681,4157,"12/16","5/4",133,"Sci-Fi Adventure","PG-13","Dec",5,139,"long","5","1"
"2016","2","Finding Dory","BV",486295561,4305,135060273,4305,"6/17","12/8",103,"Animation","PG","Jun",12,174,"medium","4","1"
"2016","3","Captain America: Civil War","BV",408084349,4226,179139142,4226,"5/6","9/22",147,"Action / Adventure","PG-13","May",9,139,"long","4","1"
"2016","4","The Secret Life of Pets","Uni.",368384330,4381,104352905,4370,"7/8","12/29",90,"Animation","PG","Jul",12,174,"medium","3","1"
"2016","5","The Jungle Book (2016)","BV",364001123,4144,103261464,4028,"4/15","9/29",105,"Adventure","PG","Apr",9,167,"medium","3","1"
"2016","6","Deadpool","Fox",363070709,3856,132434639,3558,"2/12","6/16",106,"Action","R","Feb",6,125,"medium","3","1"
"2016","7","Zootopia","BV",341268248,3959,75063401,3827,"3/4","8/4",108,"Animation","PG","Mar",8,153,"medium","3","1"
"2016","8","Batman v Superman: Dawn of Justice","WB",330360194,4256,166007347,4242,"3/25","6/16",151,"Action / Adventure","PG-13","Mar",6,83,"long","3","1"
"2016","9","Suicide Squad","WB",325100054,4255,133682248,4255,"8/5","11/10",130,"Action / Adventure","PG-13","Aug",11,97,"long","3","1"
"2016","10","Sing","Uni.",270395425,4029,35258145,4022,"12/21","5/11",110,"Animation","PG","Dec",5,141,"medium","2","1"
"2016","11","Moana","BV",248757044,3875,56631401,3875,"11/23","4/27",103,"Animation","PG","Nov",4,155,"medium","2","2"
"2016","12","Fantastic Beasts and Where To Find Them","WB",234037575,4144,74403387,4144,"11/18","3/30",140,"Fantasy","PG-13","Nov",3,132,"long","2","2"
"2016","13","Doctor Strange","BV",232641920,3882,85058311,3882,"11/4","3/16",115,"Action / Adventure","PG-13","Nov",3,132,"medium","2","2"
"2016","14","Hidden Figures","Fox",169607287,3416,515499,25,"12/25","11/9",127,"Drama","PG","Dec",11,319,"long","1","2"
"2016","15","Jason Bourne","Uni.",162434410,4039,59215365,4026,"7/29","12/22",123,"Action","PG-13","Jul",12,146,"long","1","2"
"2016","16","Star Trek Beyond","Par.",158848340,3928,59253211,3928,"7/22","10/20",120,"Sci-Fi Adventure","PG-13","Jul",10,90,"long","1","2"
"2016","17","X-Men: Apocalypse","Fox",155442489,4153,65769562,4150,"5/27","7/28",143,"Action / Adventure","PG-13","May",7,62,"long","1","2"
"2016","18","Trolls","Fox",153707064,4066,46581142,4060,"11/4","3/30",94,"Animation","PG","Nov",3,146,"medium","1","2"
"2016","19","La La Land","LG/S",151101803,3236,881104,5,"12/9","4/27",128,"Musical","PG-13","Dec",4,139,"long","1","2"
"2016","20","Kung Fu Panda 3","Fox",143528619,3987,41282042,3955,"1/29","7/21",95,"Animation","PG","Jan",7,174,"medium","1","2"
"2016","21","Ghostbusters (2016)","Sony",128350574,3963,46018755,3963,"7/15","11/10",108,"Horror Comedy","PG-13","Jul",11,118,"medium","1","3"
"2016","22","Central Intelligence","WB",127440871,3508,35535250,3508,"6/17","9/1",107,"Comedy","PG-13","Jun",9,76,"medium","1","3"
"2016","23","The Legend of Tarzan","WB",126643061,3591,38527856,3561,"7/1","9/15",109,"Action / Adventure","PG-13","Jul",9,76,"medium","1","3"
"2016","24","Sully","WB",125070033,3955,35028301,3525,"9/9","1/26",96,"Drama","PG-13","Sep",1,139,"medium","1","3"
"2016","25","Bad Moms","STX",113257297,3215,23817340,3215,"7/29","10/27",101,"Comedy","R","Jul",10,90,"medium","1","3"
"2016","26","The Angry Birds Movie","Sony",107509366,3932,38155177,3932,"5/20","9/15",97,"Animation","PG","May",9,118,"medium","1","3"
"2016","27","Independence Day: Resurgence","Fox",103144286,4130,41039944,4130,"6/24","9/15",120,"Sci-Fi Adventure","PG-13","Jun",9,83,"long","1","3"
"2016","28","The Conjuring 2","WB",102470008,3356,40406314,3343,"6/10","8/25",134,"Horror","R","Jun",8,76,"long","1","3"
"2016","29","Arrival","Par.",100546139,3115,24074047,2317,"11/11","3/9",116,"Sci-Fi","PG-13","Nov",3,118,"medium","1","3"
"2016","30","Passengers (2016)","Sony",100014699,3478,14869736,3478,"12/21","4/20",116,"Sci-Fi","PG-13","Dec",4,120,"medium","1","3"
"2016","31","Sausage Party","Sony",97685686,3135,34263534,3103,"8/12","12/22",89,"Animation","R","Aug",12,132,"short","0","4"
"2016","32","The Magnificent Seven (2016)","Sony",93432655,3696,34703397,3674,"9/23","1/5",133,"Western","PG-13","Sep",1,104,"long","0","4"
"2016","33","Ride Along 2","Uni.",91221830,3192,35243095,3175,"1/15","6/16",101,"Action Comedy","PG-13","Jan",6,153,"medium","0","4"
"2016","34","Don't Breathe","SGem",89217875,3384,26411706,3051,"8/26","12/22",88,"Horror Thriller","R","Aug",12,118,"short","0","4"
"2016","35","Miss Peregrine's Home for Peculiar Children","Fox",87242834,3835,28871140,3522,"9/30","2/9",127,"Fantasy","PG-13","Sep",2,132,"long","0","4"
"2016","36","The Accountant","WB",86260045,3402,24710273,3332,"10/14","1/12",128,"Drama","R","Oct",1,90,"long","0","4"
"2016","37","Teenage Mutant Ninja Turtles: Out of the Shadows","Par.",82051601,4071,35316382,4071,"6/3","9/8",112,"Action / Adventure","PG-13","Jun",9,97,"medium","0","4"
"2016","38","The Purge: Election Year","Uni.",79213375,2821,31515110,2796,"7/1","10/13",105,"Thriller","R","Jul",10,104,"medium","0","4"
"2016","39","Alice Through the Looking Glass","BV",77041381,3763,26858726,3763,"5/27","9/1",112,"Family Adventure","PG","May",9,97,"medium","0","4"
"2016","40","Pete's Dragon (2016)","BV",76233151,3702,21514095,3702,"8/12","12/15",102,"Family","PG","Aug",12,125,"medium","0","4"
"2016","41","The Girl on the Train (2016)","Uni.",75395035,3241,24536265,3144,"10/7","12/29",112,"Thriller","R","Oct",12,83,"medium","0","5"
"2016","42","Boo! A Madea Halloween","LGF",73206343,2299,28501448,2260,"10/21","12/22",103,"Horror Comedy","PG-13","Oct",12,62,"medium","0","5"
"2016","43","Storks","WB",72679278,3922,21311407,3922,"9/23","1/12",89,"Animation","PG","Sep",1,111,"short","0","5"
"2016","44","10 Cloverfield Lane","Par.",72082998,3427,24727437,3391,"3/11","6/2",105,"Thriller","PG-13","Mar",6,83,"medium","0","5"
"2016","45","Lights Out","WB",67268835,2835,21688103,2818,"7/22","9/29",81,"Horror","PG-13","Jul",9,69,"short","0","5"
"2016","46","Hacksaw Ridge","LGF",67209615,2971,15190758,2886,"11/4","3/9",131,"Action Drama","R","Nov",3,125,"long","0","5"
"2016","47","The Divergent Series: Allegiant","LG/S",66184051,3740,29027348,3740,"3/18","6/2",121,"Action / Adventure","PG-13","Mar",6,76,"long","0","5"
"2016","48","Now You See Me 2","LG/S",65075540,3232,22383146,3232,"6/10","8/25",129,"Thriller","PG-13","Jun",8,76,"long","0","5"
"2016","49","Ice Age: Collision Course","Fox",64063008,3997,21373064,3992,"7/22","11/3",94,"Animation","PG","Jul",11,104,"medium","0","5"
"2016","50","The Boss","Uni.",63285885,3495,23586645,3480,"4/8","8/4",99,"Comedy","R","Apr",8,118,"medium","0","5"
"2016","51","London Has Fallen","Focus",62678608,3492,21635601,3490,"3/4","6/2",99,"Action","R","Mar",6,90,"medium","0","6"
"2016","52","Miracles from Heaven","TriS",61705123,3155,14812393,3047,"3/16","7/21",109,"Drama","PG","Mar",7,127,"medium","0","6"
"2016","53","Deepwater Horizon","LG/S",61433527,3403,20223544,3259,"9/30","12/15",107,"Action Drama","PG-13","Sep",12,76,"medium","0","6"
"2016","54","Why Him?","Fox",60323786,3008,11002986,2917,"12/23","3/23",111,"Comedy","R","Dec",3,90,"medium","0","6"
"2016","55","My Big Fat Greek Wedding 2","Uni.",59689605,3179,17861950,3133,"3/25","5/26",94,"Comedy","PG-13","Mar",5,62,"medium","0","6"
"2016","56","Jack Reacher: Never Go Back","Par.",58697076,3780,22872490,3780,"10/21","1/12",118,"Crime Drama","PG-13","Oct",1,83,"medium","0","6"
"2016","57","Fences","Par.",57682904,2368,129462,4,"12/16","3/30",138,"Drama","PG-13","Dec",3,104,"long","0","6"
"2016","58","Me Before You","WB",56245075,2762,18723269,2704,"6/3","8/18",110,"Romance","PG-13","Jun",8,76,"medium","0","6"
"2016","59","The BFG","BV",55483770,3392,18775350,3357,"7/1","10/13",117,"Adventure","PG","Jul",10,104,"medium","0","6"
"2016","60","Neighbors 2: Sorority Rising","Uni.",55455765,3416,21760405,3384,"5/20","7/14",91,"Comedy","R","May",7,55,"medium","0","6"
"2016","61","The Shallows","Sony",55124043,2962,16800868,2962,"6/24","9/29",85,"Horror","PG-13","Jun",9,97,"short","0","7"
"2016","62","Office Christmas Party","Par.",54767494,3210,16890204,3210,"12/9","1/26",105,"Comedy","R","Dec",1,48,"medium","0","7"
"2016","63","Assassin's Creed","Fox",54647948,2996,10278225,2970,"12/21","3/9",140,"Action","PG-13","Dec",3,78,"long","0","7"
"2016","64","Barbershop: The Next Cut","WB",54030051,2676,20242415,2661,"4/15","7/14",112,"Comedy","PG-13","Apr",7,90,"medium","0","7"
"2016","65","13 Hours: The Secret Soldiers of Benghazi","Par.",52853219,2917,16194738,2389,"1/15","3/24",144,"Drama","R","Jan",3,69,"long","0","7"
"2016","66","Lion","Wein.",51738905,1802,123360,4,"11/25","5/11",120,"Drama","PG-13","Nov",5,167,"long","0","7"
"2016","67","The Huntsman: Winter's War","Uni.",48390190,3802,19445035,3791,"4/22","8/4",114,"Action / Adventure","PG-13","Apr",8,104,"medium","0","7"
"2016","68","Kubo and the Two Strings","Focus",48023088,3279,12608372,3260,"8/19","12/1",101,"Animation","PG","Aug",12,104,"medium","0","7"
"2016","69","Manchester by the Sea","RAtt.",47695371,1213,256498,4,"11/18","4/27",135,"Drama","R","Nov",4,160,"long","0","7"
"2016","70","Warcraft","Uni.",47365290,3406,24166110,3400,"6/10","9/8",123,"Fantasy","PG-13","Jun",9,90,"long","0","7"
"2016","71","How to Be Single","WB",46843513,3357,17878911,3343,"2/12","4/14",110,"Romantic Comedy","R","Feb",4,62,"medium","0","8"
"2016","72","Mike and Dave Need Wedding Dates","Fox",46009673,3008,16628170,2982,"7/8","10/13",98,"Comedy","R","Jul",10,97,"medium","0","8"
"2016","73","War Dogs","WB",43034523,3258,14685305,3258,"8/19","10/20",114,"Comedy / Drama","R","Aug",10,62,"medium","0","8"
"2016","74","Almost Christmas","Uni.",42158780,2379,15134235,2376,"11/11","1/12",112,"Comedy","PG-13","Nov",1,62,"medium","0","8"
"2016","75","Money Monster","TriS",41012075,3104,14788157,3104,"5/13","8/4",95,"Drama / Thriller","R","May",8,83,"medium","0","8"
"2016","76","Allied","Par.",40098064,3160,12701743,3160,"11/23","1/26",121,"Romantic Thriller","R","Nov",1,64,"long","0","8"
"2016","77","Nerve","LGF",38583626,2538,9445456,2538,"7/27","10/6",96,"Thriller","PG-13","Jul",10,71,"medium","0","8"
"2016","78","Risen","Sony",36880033,2915,11801271,2915,"2/19","5/19",107,"Action / Adventure","PG-13","Feb",5,90,"medium","0","8"
"2016","79","The Nice Guys","WB",36261763,2865,11203270,2865,"5/20","8/4",116,"Comedy Thriller","R","May",8,76,"medium","0","8"
"2016","80","The Boy (2016)","STX",35819556,2671,10778392,2671,"1/22","3/31",98,"Horror","PG-13","Jan",3,69,"medium","0","8"
"2016","81","Dirty Grandpa","LGF",35593113,2912,11111875,2912,"1/22","3/17",102,"Comedy","R","Jan",3,55,"medium","0","9"
"2016","82","Ouija: Origin of Evil","Uni.",35144505,3168,14065500,3167,"10/21","12/29",99,"Horror","PG-13","Oct",12,69,"medium","0","9"
"2016","83","The 5th Wave","Sony",34916787,2908,10326356,2908,"1/22","5/26",112,"Sci-Fi Action","PG-13","Jan",5,125,"medium","0","9"
"2016","84","Inferno","Sony",34343574,3576,14860425,3576,"10/28","1/19",121,"Thriller","PG-13","Oct",1,83,"long","0","9"
"2016","85","Mother's Day","ORF",32492859,3291,8369184,3035,"4/29","6/16",118,"Comedy","PG-13","Apr",6,48,"medium","0","9"
"2016","86","Patriots Day","LGF",31886361,3120,161306,7,"12/21","3/9",130,"Drama","R","Dec",3,78,"long","0","9"
"2016","87","Gods of Egypt","LG/S",31153464,3117,14123903,3117,"2/26","5/12",127,"Action / Adventure","PG-13","Feb",5,76,"long","0","9"
"2016","88","Collateral Beauty","WB",31016021,3028,7102085,3028,"12/16","2/9",94,"Drama","PG-13","Dec",2,55,"medium","0","9"
"2016","89","\"Hail, Caesar!\"","Uni.",30498085,2248,11355225,2232,"2/5","6/30",100,"Comedy","PG-13","Feb",6,146,"medium","0","9"
"2016","90","When the Bough Breaks","SGem",29747603,2246,14202323,2246,"9/9","11/17",107,"Drama","PG-13","Sep",11,69,"medium","0","9"
"2016","91","Zoolander 2","Par.",28848693,3418,13841146,3394,"2/12","3/31",100,"Comedy","PG-13","Feb",3,48,"medium","0","10"
"2016","92","Moonlight (2016)","A24",27854932,1564,402075,4,"10/21","5/4",110,"Drama","R","Oct",5,195,"medium","0","10"
"2016","93","The Finest Hours","BV",27569558,3143,10288932,3143,"1/29","4/7",109,"Thriller","PG-13","Jan",4,69,"medium","0","10"
"2016","94","Florence Foster Jenkins","Par.",27383770,1528,6601313,1528,"8/12","10/27",110,"Drama","PG-13","Aug",10,76,"medium","0","10"
"2016","95","Hell or High Water","LGF",27007844,1505,621329,32,"8/12","11/17",102,"Action Drama","R","Aug",11,97,"medium","0","10"
"2016","96","The Forest","Focus",26594261,2509,12741176,2451,"1/8","3/17",95,"Horror","PG-13","Jan",3,69,"medium","0","10"
"2016","97","Ben-Hur (2016)","Par.",26410477,3084,11203815,3084,"8/19","10/6",123,"Historical Epic","PG-13","Aug",10,48,"long","0","10"
"2016","98","The Witch","A24",25138705,2204,8800230,2046,"2/19","5/26",92,"Horror","R","Feb",5,97,"medium","0","10"
"2016","99","Bridget Jones's Baby","Uni.",24252420,2930,8571785,2927,"9/16","12/15",122,"Romantic Comedy","R","Sep",12,90,"long","0","10"
"2016","100","Kevin Hart: What Now?","Uni.",23591043,2567,11767210,2567,"10/14","12/15",96,"Concert","R","Oct",12,62,"medium","0","10"
"2017","1","Star Wars: The Last Jedi","BV",620181382,4232,220009584,4232,"12/15","4/19",151,"Sci-Fi Fantasy","PG-13","Dec",4,125,"long","6","1"
"2017","2","Beauty and the Beast (2017)","BV",504014165,4210,174750616,4210,"3/17","7/13",129,"Fantasy","PG","Mar",7,118,"long","5","1"
"2017","3","Wonder Woman","WB",412563408,4165,103251471,4165,"6/2","11/9",141,"Action / Adventure","PG-13","Jun",11,160,"long","4","1"
"2017","4","Jumanji: Welcome to the Jungle","Sony",404515480,3849,36169328,3765,"12/20","-",119,"Action","PG-13","Dec",NA,NA,"medium","4","1"
"2017","5","Guardians of the Galaxy Vol. 2","BV",389813101,4347,146510104,4347,"5/5","9/21",137,"Action / Adventure","PG-13","May",9,139,"long","3","1"
"2017","6","Spider-Man: Homecoming","Sony",334201140,4348,117027503,4348,"7/7","11/30",133,"Action / Adventure","PG-13","Jul",11,146,"long","3","1"
"2017","7","It","WB",327481748,4148,123403419,4103,"9/8","12/14",135,"Horror","R","Sep",12,97,"long","3","1"
"2017","8","Thor: Ragnarok","BV",315058289,4080,122744989,4080,"11/3","3/15",130,"Action / Adventure","PG-13","Nov",3,132,"long","3","1"
"2017","9","Despicable Me 3","Uni.",264624300,4535,72434025,4529,"6/30","12/21",90,"Animation","PG","Jun",12,174,"medium","2","1"
"2017","10","Justice League","WB",229024295,4051,93842239,4051,"11/17","3/15",119,"Action / Adventure","PG-13","Nov",3,118,"medium","2","1"
"2017","11","Logan","Fox",226277068,4071,88411916,4071,"3/3","7/13",135,"Action / Adventure","R","Mar",7,132,"long","2","2"
"2017","12","The Fate of the Furious","Uni.",226008385,4329,98786705,4310,"4/14","8/10",136,"Action","PG-13","Apr",8,118,"long","2","2"
"2017","13","Coco","BV",209726015,3987,50802605,3987,"11/22","4/26",109,"Animation","PG","Nov",4,155,"medium","2","2"
"2017","14","Dunkirk","WB",188045546,4014,50513488,3720,"7/21","11/23",106,"War","PG-13","Jul",11,125,"medium","1","2"
"2017","15","Get Out","Uni.",176040665,3143,33377060,2781,"2/24","2/15",103,"Horror","R","Feb",2,356,"medium","1","2"
"2017","16","The LEGO Batman Movie","WB",175750384,4088,53003468,4088,"2/10","6/8",104,"Animation","PG","Feb",6,118,"medium","1","2"
"2017","17","The Boss Baby","Fox",175003033,3829,50198902,3773,"3/31","11/2",97,"Animation","PG","Mar",11,216,"medium","1","2"
"2017","18","The Greatest Showman","Fox",174016519,3342,8805843,3006,"12/20","-",105,"Musical","PG","Dec",NA,NA,"medium","1","2"
"2017","19","Pirates of the Caribbean: Dead Men Tell No Tales","BV",172558876,4276,62983253,4276,"5/26","9/21",129,"Period Adventure","PG-13","May",9,118,"long","1","2"
"2017","20","Kong: Skull Island","WB",168052812,3846,61025472,3846,"3/10","6/15",118,"Action / Adventure","PG-13","Mar",6,97,"medium","1","2"
"2017","21","Cars 3","BV",152901115,4256,53688680,4256,"6/16","11/2",102,"Animation","G","Jun",11,139,"medium","1","3"
"2017","22","War for the Planet of the Apes","Fox",146880162,4100,56262929,4022,"7/14","11/30",140,"Sci-Fi Action","PG-13","Jul",11,139,"long","1","3"
"2017","23","Split","Uni.",138291365,3373,40010975,3038,"1/20","5/11",117,"Horror Thriller","PG-13","Jan",5,111,"medium","1","3"
"2017","24","Wonder","LGF",132422809,3519,27547866,3096,"11/17","3/22",113,"Drama","PG","Nov",3,125,"medium","1","3"
"2017","25","Transformers: The Last Knight","Par.",130168683,4132,44680073,4069,"6/21","8/24",149,"Sci-Fi Action","PG-13","Jun",8,64,"long","1","3"
"2017","26","Girls Trip","Uni.",115171585,2648,31201920,2591,"7/21","10/19",122,"Comedy","R","Jul",10,90,"long","1","3"
"2017","27","Fifty Shades Darker","Uni.",114581250,3714,46607250,3710,"2/10","4/6",115,"Romance","R","Feb",4,55,"medium","1","3"
"2017","28","Baby Driver","TriS",107825862,3226,20553320,3226,"6/28","10/19",112,"Action / Crime","R","Jun",10,113,"medium","1","3"
"2017","29","Pitch Perfect 3","Uni.",104897530,3468,19928525,3447,"12/22","3/8",96,"Comedy","PG-13","Dec",3,76,"medium","1","3"
"2017","30","Daddy's Home 2","Par.",104029443,3575,29651193,3575,"11/10","2/15",100,"Comedy","PG-13","Nov",2,97,"medium","1","3"
"2017","31","Murder on the Orient Express (2017)","Fox",102826543,3354,28681472,3341,"11/10","-",114,"Thriller","PG-13","Nov",NA,NA,"medium","1","4"
"2017","32","Annabelle: Creation","WB",102092201,3565,35006404,3502,"8/11","11/2",109,"Horror","R","Aug",11,83,"medium","1","4"
"2017","33","Kingsman: The Golden Circle","Fox",100234838,4038,39023010,4003,"9/22","1/4",141,"Action Comedy","R","Sep",1,104,"long","1","4"
"2017","34","Blade Runner 2049","WB",92054159,4058,32753122,4058,"10/6","2/1",163,"Sci-Fi","R","Oct",2,118,"long","0","4"
"2017","35","John Wick: Chapter Two","LG/S",92029184,3113,30436123,3113,"2/10","4/27",122,"Action","R","Feb",4,76,"long","0","4"
"2017","36","The Emoji Movie","Sony",86089513,4075,24531923,4075,"7/28","11/30",86,"Animation","PG","Jul",11,125,"short","0","4"
"2017","37","Power Rangers (2017)","LGF",85364450,3693,40300288,3693,"3/24","6/1",124,"Action / Adventure","PG-13","Mar",6,69,"long","0","4"
"2017","38","Ferdinand","Fox",84410380,3630,13401586,3621,"12/15","5/31",107,"Animation","PG","Dec",5,167,"medium","0","4"
"2017","39","The Post","Fox",81903458,2851,526011,9,"12/22","5/17",115,"Drama","PG-13","Dec",5,146,"medium","0","4"
"2017","40","The Mummy (2017)","Uni.",80227895,4035,31688375,4035,"6/9","8/24",107,"Action / Adventure","PG-13","Jun",8,76,"medium","0","4"
"2017","41","The Hitman's Bodyguard","LG/S",75468583,3377,21384504,3377,"8/18","11/2",118,"Action Comedy","R","Aug",11,76,"medium","0","5"
"2017","42","Alien: Covenant","Fox",74262031,3772,36160621,3761,"5/19","8/31",122,"Sci-Fi Horror","R","May",8,104,"long","0","5"
"2017","43","Captain Underpants: The First Epic Movie","Fox",73921000,3529,23851539,3434,"6/2","11/2",89,"Animation","PG","Jun",11,153,"short","0","5"
"2017","44","A Bad Moms Christmas","STX",72110659,3615,16759161,3615,"11/1","1/11",104,"Comedy","R","Nov",1,71,"medium","0","5"
"2017","45","A Dog's Purpose","Uni.",64508620,3178,18222810,3059,"1/27","5/18",120,"Comedy / Drama","PG","Jan",5,111,"long","0","5"
"2017","46","The Shape of Water","FoxS",63859435,2341,166564,2,"12/1","5/3",119,"Fantasy Drama","R","Dec",5,153,"medium","0","5"
"2017","47","The LEGO Ninjago Movie","WB",59281555,4047,20433071,4047,"9/22","11/30",101,"Animation","PG","Sep",11,69,"medium","0","5"
"2017","48","Baywatch","Par.",58060186,3647,18503871,3647,"5/25","7/27",116,"Action Comedy","R","May",7,63,"medium","0","5"
"2017","49","The Shack","LG/S",57386418,2888,16172119,2888,"3/3","5/18",132,"Drama","PG-13","Mar",5,76,"long","0","5"
"2017","50","Darkest Hour","Focus",56468410,1733,175006,4,"11/22","4/12",125,"Drama","PG-13","Nov",4,141,"long","0","5"
"2017","51","Happy Death Day","Uni.",55683845,3535,26039025,3149,"10/13","12/14",96,"Horror","PG-13","Oct",12,62,"medium","0","6"
"2017","52","\"Three Billboards Outside Ebbing, Missouri\"","FoxS",54513740,1726,322168,4,"11/10","5/3",115,"Crime Comedy","R","Nov",5,174,"medium","0","6"
"2017","53","Atomic Blonde","Focus",51687870,3326,18286420,3304,"7/28","10/5",115,"Thriller","R","Jul",10,69,"medium","0","6"
"2017","54","American Made","Uni.",51342000,3098,16776390,3024,"9/29","12/14",115,"Crime Thriller","R","Sep",12,76,"medium","0","6"
"2017","55","The Dark Tower","Sony",50701325,3451,19153698,3451,"8/4","10/19",95,"Fantasy","PG-13","Aug",10,76,"medium","0","6"
"2017","56","Lady Bird","A24",48958273,1557,364437,4,"11/3","4/5",93,"Comedy / Drama","R","Nov",4,153,"medium","0","6"
"2017","57","Tyler Perry's Boo 2! A Madea Halloween","LGF",47319572,2388,21226953,2388,"10/20","12/14",101,"Comedy","PG-13","Oct",12,55,"medium","0","6"
"2017","58","Snatched","Fox",45852178,3511,19542248,3501,"5/12","8/3",91,"Comedy","R","May",8,83,"medium","0","6"
"2017","59","The Great Wall","Uni.",45540830,3328,18469620,3326,"2/17","6/1",104,"Action","PG-13","Feb",6,104,"medium","0","6"
"2017","60","Smurfs: The Lost Village","Sony",45020282,3610,13210449,3610,"4/7","8/3",81,"Animation","PG","Apr",8,118,"short","0","6"
"2017","61","Going in Style (2017)","WB",45018541,3076,11932330,3061,"4/7","7/13",96,"Comedy","PG-13","Apr",7,97,"medium","0","7"
"2017","62","All Eyez on Me","LG/S",44922302,2471,26435354,2471,"6/16","8/3",140,"Drama","R","Jun",8,48,"long","0","7"
"2017","63","xXx: The Return of Xander Cage","Par.",44898413,3651,20130142,3651,"1/20","3/16",107,"Action / Adventure","PG-13","Jan",3,55,"medium","0","7"
"2017","64","47 Meters Down","ENTMP",44307192,2471,11205561,2270,"6/16","10/19",89,"Horror Thriller","PG-13","Jun",10,125,"short","0","7"
"2017","65","The Big Sick","LGF",42873127,2597,421577,5,"6/23","10/22",120,"Romantic Comedy","R","Jun",10,121,"long","0","7"
"2017","66","Valerian and the City of a Thousand Planets","STX",41189488,3553,17007624,3553,"7/21","9/21",137,"Sci-Fi","PG-13","Jul",9,62,"long","0","7"
"2017","67","The Star","Sony",40852824,2976,9812674,2837,"11/17","2/15",86,"Animation","PG","Nov",2,90,"short","0","7"
"2017","68","Ghost in the Shell (2017)","Par.",40563557,3440,18676033,3440,"3/31","5/25",120,"Sci-Fi Action","PG-13","Mar",5,55,"long","0","7"
"2017","69","King Arthur: Legend of the Sword","WB",39175066,3702,15371270,3702,"5/12","7/20",126,"Adventure","PG-13","May",7,69,"long","0","7"
"2017","70","Jigsaw","LGF",38052832,2941,16640452,2941,"10/27","12/21",91,"Horror","R","Oct",12,55,"medium","0","7"
"2017","71","American Assassin","LGF",36249674,3154,14846778,3154,"9/15","11/9",111,"Action / Adventure","R","Sep",11,55,"medium","0","8"
"2017","72","The Foreigner","STX",34393507,2515,13113024,2515,"10/13","12/21",114,"Action Thriller","R","Oct",12,69,"medium","0","8"
"2017","73","\"Everything, Everything\"","WB",34121140,2801,11727390,2801,"5/19","7/27",96,"Drama","PG-13","May",7,69,"medium","0","8"
"2017","74","Wind River","Wein.",33800859,2890,161558,4,"8/4","12/7",110,"Drama","R","Aug",12,125,"medium","0","8"
"2017","75","Geostorm","WB",33700160,3246,13707376,3246,"10/20","1/11",109,"Action","PG-13","Oct",1,83,"medium","0","8"
"2017","76","Monster Trucks","Par.",33370166,3119,10950705,3119,"1/13","3/16",104,"Action Comedy","PG","Jan",3,62,"medium","0","8"
"2017","77","Fist Fight","WB",32187017,3185,12201873,3185,"2/17","4/13",91,"Comedy","R","Feb",4,55,"medium","0","8"
"2017","78","How to be a Latin Lover","PNT",32149404,1203,12252439,1118,"4/28","6/22",115,"Comedy","PG-13","Apr",6,55,"medium","0","8"
"2017","79","Kidnap (2017)","Aviron",30718107,2418,10016323,2378,"8/4","11/16",89,"Action Thriller","R","Aug",11,104,"short","0","8"
"2017","80","Underworld: Blood Wars","SGem",30353973,3070,13688751,3070,"1/6","3/9",91,"Action Horror","R","Jan",3,62,"medium","0","8"
"2017","81","The Mountain Between Us","Fox",30348555,3259,10551336,3088,"10/6","12/21",103,"Drama","PG-13","Oct",12,76,"medium","0","9"
"2017","82","Life (2017)","Sony",30234022,3146,12501936,3146,"3/24","6/1",103,"Sci-Fi Thriller","R","Mar",6,69,"medium","0","9"
"2017","83","\"I, Tonya\"","Neon",30014539,1450,264155,4,"12/8","4/19",120,"Comedy","R","Dec",4,132,"long","0","9"
"2017","84","Hostiles","ENTMP",29819114,2934,22849,3,"12/22","5/10",135,"Drama","R","Dec",5,139,"long","0","9"
"2017","85","Molly's Game","STX",28780744,1708,2349967,271,"12/25","3/8",140,"Drama","R","Dec",3,73,"long","0","9"
"2017","86","The Nut Job 2: Nutty by Nature","ORF",28370522,4003,8342311,4003,"8/11","9/28",91,"Animation","PG","Aug",9,48,"medium","0","9"
"2017","87","Rings","Par.",27793018,2931,13002632,2931,"2/3","3/23",102,"Horror","PG-13","Feb",3,48,"medium","0","9"
"2017","88","Logan Lucky","BST",27780977,3031,7600036,3031,"8/18","11/9",119,"Action Comedy","PG-13","Aug",11,83,"medium","0","9"
"2017","89","Home Again","ORF",27020284,3036,8567881,2940,"9/8","11/9",97,"Romantic Comedy","PG-13","Sep",11,62,"medium","0","9"
"2017","90","Resident Evil: The Final Chapter","SGem",26830068,3104,13601682,3104,"1/27","3/30",106,"Sci-Fi Action","R","Jan",3,62,"medium","0","9"
"2017","91","The House","WB",25584504,3134,8724795,3134,"6/30","8/31",88,"Comedy","R","Jun",8,62,"short","0","10"
"2017","92","All the Money in the World","TriS",25113707,2123,5584684,2074,"12/25","3/22",132,"Crime","R","Dec",3,87,"long","0","10"
"2017","93","Gifted","FoxS",24801212,2215,446380,56,"4/7","8/24",101,"Drama","PG-13","Apr",8,139,"medium","0","10"
"2017","94","Downsizing","Par.",24449754,2668,4954287,2668,"12/22","2/1",135,"Comedy / Drama","R","Dec",2,41,"long","0","10"
"2017","95","The Bye Bye Man","STX",22395806,2220,13501349,2220,"1/13","2/16",96,"Horror Thriller","PG-13","Jan",2,34,"medium","0","10"
"2017","96","Victoria and Abdul","Focus",22245070,1060,158845,4,"9/22","1/4",112,"Drama","PG-13","Sep",1,104,"medium","0","10"
"2017","97","Rough Night","Sony",22105643,3162,8004283,3162,"6/16","8/31",101,"Comedy / Drama","R","Jun",8,76,"medium","0","10"
"2017","98","My Little Pony: The Movie","LGF",21885107,2528,8885899,2528,"10/6","-",99,"Animation","PG","Oct",NA,NA,"medium","0","10"
"2017","99","Leap!","Wein.",21858070,2705,4730038,2575,"8/25","12/7",89,"Animation","PG","Aug",12,104,"short","0","10"
"2017","100","The Disaster Artist","A24",21120616,1010,1211345,19,"12/1","3/8",98,"Comedy","R","Dec",3,97,"medium","0","10"
